[{"model": "accounts.account", "pk": 1, "fields": {"password": "pbkdf2_sha256$320000$fklwN8Cxfw64XdJEqne5Wt$2nfBn7tiC0y766dGDGTVBbstJCIS9NRy7+TIQo+jrpo=", "first_name": "damian", "last_name": "rutkowski", "username": "test", "email": "test@test.com", "phone_number": "", "date_joined": "2022-05-10T14:38:29.749Z", "last_login": "2022-05-21T13:42:15.915Z", "is_admin": true, "is_staff": true, "is_active": true, "is_superadmin": true}}, {"model": "accounts.account", "pk": 2, "fields": {"password": "asdas", "first_name": "Damian", "last_name": "Rutkowski", "username": "dam123", "email": "dam123@o2.pl", "phone_number": "123213121", "date_joined": "2022-05-12T21:03:52.762Z", "last_login": "2022-05-12T21:03:52.762Z", "is_admin": false, "is_staff": false, "is_active": false, "is_superadmin": false}}, {"model": "accounts.account", "pk": 3, "fields": {"password": "da", "first_name": "Damian", "last_name": "Rutkowski", "username": "dam1asdas23", "email": "dam1asdas23@o2.pl", "phone_number": "123213121", "date_joined": "2022-05-12T21:25:47.986Z", "last_login": "2022-05-12T21:25:47.986Z", "is_admin": false, "is_staff": false, "is_active": false, "is_superadmin": false}}, {"model": "accounts.account", "pk": 4, "fields": {"password": "da", "first_name": "Damian", "last_name": "Rutkowski", "username": "da", "email": "da@o2.pl", "phone_number": "1234567", "date_joined": "2022-05-13T09:12:21.933Z", "last_login": "2022-05-13T09:12:21.933Z", "is_admin": false, "is_staff": false, "is_active": false, "is_superadmin": false}}, {"model": "accounts.account", "pk": 5, "fields": {"password": "damrut", "first_name": "Damian", "last_name": "Rutkowski", "username": "damrut", "email": "damrut@o2.pl", "phone_number": "1234567", "date_joined": "2022-05-13T09:12:49.557Z", "last_login": "2022-05-13T09:12:49.557Z", "is_admin": false, "is_staff": false, "is_active": false, "is_superadmin": false}}, {"model": "accounts.account", "pk": 6, "fields": {"password": "dam", "first_name": "Damian", "last_name": "Rutkowski", "username": "dam1234", "email": "dam1234@o2.pl", "phone_number": "1234567", "date_joined": "2022-05-13T09:13:40.802Z", "last_login": "2022-05-13T09:13:40.802Z", "is_admin": false, "is_staff": false, "is_active": false, "is_superadmin": false}}, {"model": "accounts.account", "pk": 12, "fields": {"password": "pbkdf2_sha256$320000$FrJJ5gdieOufHuW0cvc6za$7IIDyhULKayHBEbo0BbLypIvErIn+kwWL8S+qQjivDU=", "first_name": "Damianak", "last_name": "Rutkowski", "username": "rutdar43", "email": "rutdar43@gmail.com", "phone_number": "1234567", "date_joined": "2022-05-13T21:06:21.354Z", "last_login": "2022-05-20T20:11:56.150Z", "is_admin": false, "is_staff": false, "is_active": true, "is_superadmin": false}}, {"model": "accounts.account", "pk": 13, "fields": {"password": "pbkdf2_sha256$320000$uXwKXJ551yWFSQOGVs8HUS$OjaT5zmYz6d69OxlnLRuHQCyQOg9ttHF9RfMdRfimuA=", "first_name": "Damian", "last_name": "Rutkowski", "username": "d.rutkowski2000", "email": "d.rutkowski2000@gmail.com", "phone_number": "1234567", "date_joined": "2022-05-17T21:29:30.571Z", "last_login": "2022-05-17T21:30:45.850Z", "is_admin": false, "is_staff": false, "is_active": true, "is_superadmin": false}}, {"model": "accounts.userprofile", "pk": 1, "fields": {"user": 12, "address_line_1": "saasdas", "address_line_2": "a", "profile_picture": "userprofile/avatar.jpg", "city": "asdas", "state": "das", "country": "asdasdas"}}, {"model": "accounts.userprofile", "pk": 2, "fields": {"user": 13, "address_line_1": "saasdas", "address_line_2": "aasd", "profile_picture": "default/default_user.png", "city": "as", "state": "sa", "country": "sad"}}, {"model": "category.category", "pk": 1, "fields": {"category_name": "Shirts", "slug": "shirts", "description": "This is the demo shirt category", "cat_image": "photos/categories/shirts.jpg"}}, {"model": "category.category", "pk": 2, "fields": {"category_name": "T-shirts", "slug": "t-shirts", "description": "This is test description", "cat_image": "photos/categories/tshirts.jpg"}}, {"model": "category.category", "pk": 3, "fields": {"category_name": "Shoes", "slug": "shoes", "description": "This is shoes category", "cat_image": "photos/categories/shoes.png"}}, {"model": "category.category", "pk": 4, "fields": {"category_name": "Jeans", "slug": "jeans", "description": "Jeans category", "cat_image": "photos/categories/jeans.jpg"}}, {"model": "category.category", "pk": 5, "fields": {"category_name": "Jackets", "slug": "jackets", "description": "Jackets category", "cat_image": "photos/categories/jackets.jpg"}}, {"model": "admin.logentry", "pk": 1, "fields": {"action_time": "2022-05-10T15:31:46.900Z", "user": 1, "content_type": 2, "object_id": "1", "object_repr": "Shirts", "action_flag": 1, "change_message": "[{\"added\": {}}]"}}, {"model": "admin.logentry", "pk": 2, "fields": {"action_time": "2022-05-10T15:41:12.095Z", "user": 1, "content_type": 2, "object_id": "2", "object_repr": "T-shirts", "action_flag": 1, "change_message": "[{\"added\": {}}]"}}, {"model": "admin.logentry", "pk": 3, "fields": {"action_time": "2022-05-10T15:41:45.903Z", "user": 1, "content_type": 2, "object_id": "3", "object_repr": "Shoes", "action_flag": 1, "change_message": "[{\"added\": {}}]"}}, {"model": "admin.logentry", "pk": 4, "fields": {"action_time": "2022-05-10T15:41:58.767Z", "user": 1, "content_type": 2, "object_id": "4", "object_repr": "Jeans", "action_flag": 1, "change_message": "[{\"added\": {}}]"}}, {"model": "admin.logentry", "pk": 5, "fields": {"action_time": "2022-05-10T15:42:20.879Z", "user": 1, "content_type": 2, "object_id": "5", "object_repr": "Jackets", "action_flag": 1, "change_message": "[{\"added\": {}}]"}}, {"model": "admin.logentry", "pk": 6, "fields": {"action_time": "2022-05-10T16:24:37.300Z", "user": 1, "content_type": 8, "object_id": "1", "object_repr": "ATX Jeans", "action_flag": 1, "change_message": "[{\"added\": {}}]"}}, {"model": "admin.logentry", "pk": 7, "fields": {"action_time": "2022-05-10T16:25:40.848Z", "user": 1, "content_type": 8, "object_id": "2", "object_repr": "US Polo Assn Jacket", "action_flag": 1, "change_message": "[{\"added\": {}}]"}}, {"model": "admin.logentry", "pk": 8, "fields": {"action_time": "2022-05-10T16:26:23.012Z", "user": 1, "content_type": 8, "object_id": "3", "object_repr": "Wrangler Shirt", "action_flag": 1, "change_message": "[{\"added\": {}}]"}}, {"model": "admin.logentry", "pk": 9, "fields": {"action_time": "2022-05-10T16:26:58.366Z", "user": 1, "content_type": 8, "object_id": "4", "object_repr": "Puma Ferrari Shoes", "action_flag": 1, "change_message": "[{\"added\": {}}]"}}, {"model": "admin.logentry", "pk": 10, "fields": {"action_time": "2022-05-10T16:27:22.804Z", "user": 1, "content_type": 8, "object_id": "5", "object_repr": "Mavi Jeans", "action_flag": 1, "change_message": "[{\"added\": {}}]"}}, {"model": "admin.logentry", "pk": 11, "fields": {"action_time": "2022-05-10T16:27:59.739Z", "user": 1, "content_type": 8, "object_id": "6", "object_repr": "Jordan Basketball Shoes", "action_flag": 1, "change_message": "[{\"added\": {}}]"}}, {"model": "admin.logentry", "pk": 12, "fields": {"action_time": "2022-05-10T16:28:25.573Z", "user": 1, "content_type": 8, "object_id": "7", "object_repr": "Great Tshirt", "action_flag": 1, "change_message": "[{\"added\": {}}]"}}, {"model": "admin.logentry", "pk": 13, "fields": {"action_time": "2022-05-10T16:29:10.459Z", "user": 1, "content_type": 8, "object_id": "8", "object_repr": "RXN Blue Shirt", "action_flag": 1, "change_message": "[{\"added\": {}}]"}}, {"model": "admin.logentry", "pk": 14, "fields": {"action_time": "2022-05-11T19:21:22.594Z", "user": 1, "content_type": 8, "object_id": "7", "object_repr": "Great Tshirt", "action_flag": 2, "change_message": "[{\"changed\": {\"fields\": [\"Stock\"]}}]"}}, {"model": "admin.logentry", "pk": 15, "fields": {"action_time": "2022-05-12T12:02:58.605Z", "user": 1, "content_type": 8, "object_id": "8", "object_repr": "RXN Blue Shirt", "action_flag": 2, "change_message": "[{\"changed\": {\"fields\": [\"Description\"]}}]"}}, {"model": "admin.logentry", "pk": 16, "fields": {"action_time": "2022-05-12T12:03:41.314Z", "user": 1, "content_type": 8, "object_id": "8", "object_repr": "RXN Blue Shirt", "action_flag": 2, "change_message": "[{\"changed\": {\"fields\": [\"Description\"]}}]"}}, {"model": "admin.logentry", "pk": 17, "fields": {"action_time": "2022-05-12T12:03:47.409Z", "user": 1, "content_type": 8, "object_id": "5", "object_repr": "Mavi Jeans", "action_flag": 2, "change_message": "[{\"changed\": {\"fields\": [\"Description\"]}}]"}}, {"model": "admin.logentry", "pk": 18, "fields": {"action_time": "2022-05-12T13:18:13.463Z", "user": 1, "content_type": 11, "object_id": "1", "object_repr": "ATX Jeans", "action_flag": 1, "change_message": "[{\"added\": {}}]"}}, {"model": "admin.logentry", "pk": 19, "fields": {"action_time": "2022-05-12T13:19:22.304Z", "user": 1, "content_type": 11, "object_id": "2", "object_repr": "ATX Jeans", "action_flag": 1, "change_message": "[{\"added\": {}}]"}}, {"model": "admin.logentry", "pk": 20, "fields": {"action_time": "2022-05-12T13:19:37.738Z", "user": 1, "content_type": 11, "object_id": "3", "object_repr": "ATX Jeans", "action_flag": 1, "change_message": "[{\"added\": {}}]"}}, {"model": "admin.logentry", "pk": 21, "fields": {"action_time": "2022-05-12T13:26:30.075Z", "user": 1, "content_type": 11, "object_id": "3", "object_repr": "ATX Jeans", "action_flag": 2, "change_message": "[{\"changed\": {\"fields\": [\"Variation value\"]}}]"}}, {"model": "admin.logentry", "pk": 22, "fields": {"action_time": "2022-05-12T13:45:57.878Z", "user": 1, "content_type": 11, "object_id": "4", "object_repr": "Variation object (4)", "action_flag": 1, "change_message": "[{\"added\": {}}]"}}, {"model": "admin.logentry", "pk": 23, "fields": {"action_time": "2022-05-12T13:52:31.141Z", "user": 1, "content_type": 11, "object_id": "5", "object_repr": "Variation object (5)", "action_flag": 1, "change_message": "[{\"added\": {}}]"}}, {"model": "admin.logentry", "pk": 24, "fields": {"action_time": "2022-05-12T13:52:37.058Z", "user": 1, "content_type": 11, "object_id": "6", "object_repr": "Variation object (6)", "action_flag": 1, "change_message": "[{\"added\": {}}]"}}, {"model": "admin.logentry", "pk": 25, "fields": {"action_time": "2022-05-12T18:10:59.845Z", "user": 1, "content_type": 10, "object_id": "23", "object_repr": "CartItem object (23)", "action_flag": 3, "change_message": ""}}, {"model": "admin.logentry", "pk": 26, "fields": {"action_time": "2022-05-12T18:10:59.858Z", "user": 1, "content_type": 10, "object_id": "22", "object_repr": "CartItem object (22)", "action_flag": 3, "change_message": ""}}, {"model": "admin.logentry", "pk": 27, "fields": {"action_time": "2022-05-12T18:10:59.868Z", "user": 1, "content_type": 10, "object_id": "21", "object_repr": "CartItem object (21)", "action_flag": 3, "change_message": ""}}, {"model": "admin.logentry", "pk": 28, "fields": {"action_time": "2022-05-12T18:10:59.879Z", "user": 1, "content_type": 10, "object_id": "20", "object_repr": "CartItem object (20)", "action_flag": 3, "change_message": ""}}, {"model": "admin.logentry", "pk": 29, "fields": {"action_time": "2022-05-13T10:08:26.961Z", "user": 1, "content_type": 1, "object_id": "7", "object_repr": "d.rutkowski2000@gmail.com", "action_flag": 3, "change_message": ""}}, {"model": "admin.logentry", "pk": 30, "fields": {"action_time": "2022-05-13T10:12:28.735Z", "user": 1, "content_type": 1, "object_id": "8", "object_repr": "d.rutkowski2000@gmail.com", "action_flag": 3, "change_message": ""}}, {"model": "admin.logentry", "pk": 31, "fields": {"action_time": "2022-05-13T10:33:38.977Z", "user": 1, "content_type": 1, "object_id": "9", "object_repr": "d.rutkowski2000@gmail.com", "action_flag": 3, "change_message": ""}}, {"model": "admin.logentry", "pk": 32, "fields": {"action_time": "2022-05-13T21:06:04.420Z", "user": 1, "content_type": 1, "object_id": "10", "object_repr": "rutdar43@gmail.com", "action_flag": 3, "change_message": ""}}, {"model": "admin.logentry", "pk": 33, "fields": {"action_time": "2022-05-14T07:36:50.559Z", "user": 1, "content_type": 1, "object_id": "11", "object_repr": "anita.jakus@o2.pl", "action_flag": 3, "change_message": ""}}, {"model": "admin.logentry", "pk": 34, "fields": {"action_time": "2022-05-14T09:03:41.074Z", "user": 1, "content_type": 10, "object_id": "32", "object_repr": "CartItem object (32)", "action_flag": 3, "change_message": ""}}, {"model": "admin.logentry", "pk": 35, "fields": {"action_time": "2022-05-14T09:03:41.084Z", "user": 1, "content_type": 10, "object_id": "31", "object_repr": "CartItem object (31)", "action_flag": 3, "change_message": ""}}, {"model": "admin.logentry", "pk": 36, "fields": {"action_time": "2022-05-14T09:03:41.093Z", "user": 1, "content_type": 10, "object_id": "30", "object_repr": "CartItem object (30)", "action_flag": 3, "change_message": ""}}, {"model": "admin.logentry", "pk": 37, "fields": {"action_time": "2022-05-14T09:03:41.103Z", "user": 1, "content_type": 10, "object_id": "29", "object_repr": "CartItem object (29)", "action_flag": 3, "change_message": ""}}, {"model": "admin.logentry", "pk": 38, "fields": {"action_time": "2022-05-14T09:03:41.115Z", "user": 1, "content_type": 10, "object_id": "28", "object_repr": "CartItem object (28)", "action_flag": 3, "change_message": ""}}, {"model": "admin.logentry", "pk": 39, "fields": {"action_time": "2022-05-14T09:03:41.122Z", "user": 1, "content_type": 10, "object_id": "27", "object_repr": "CartItem object (27)", "action_flag": 3, "change_message": ""}}, {"model": "admin.logentry", "pk": 40, "fields": {"action_time": "2022-05-14T09:41:47.432Z", "user": 1, "content_type": 9, "object_id": "12", "object_repr": "kb5i347yhl4q18o1xwpqlmb7x7s7vo3f", "action_flag": 3, "change_message": ""}}, {"model": "admin.logentry", "pk": 41, "fields": {"action_time": "2022-05-14T09:41:47.443Z", "user": 1, "content_type": 9, "object_id": "11", "object_repr": "k3fombimvvgnerzqwrn977e7hn22x5pv", "action_flag": 3, "change_message": ""}}, {"model": "admin.logentry", "pk": 42, "fields": {"action_time": "2022-05-14T09:41:47.453Z", "user": 1, "content_type": 9, "object_id": "10", "object_repr": "wv7gmz5jma4kgogz5vt5l3dr1h9omfxl", "action_flag": 3, "change_message": ""}}, {"model": "admin.logentry", "pk": 43, "fields": {"action_time": "2022-05-14T09:41:47.462Z", "user": 1, "content_type": 9, "object_id": "9", "object_repr": "tpvkpjbtynqg9dt9qbu097nx3zrhk6ou", "action_flag": 3, "change_message": ""}}, {"model": "admin.logentry", "pk": 44, "fields": {"action_time": "2022-05-14T09:41:47.471Z", "user": 1, "content_type": 9, "object_id": "8", "object_repr": "1k1wu38vftkn23fw174tgisc07gs1e91", "action_flag": 3, "change_message": ""}}, {"model": "admin.logentry", "pk": 45, "fields": {"action_time": "2022-05-14T09:41:47.479Z", "user": 1, "content_type": 9, "object_id": "7", "object_repr": "ediu4ru68krw4cexysyaj3a8z63z2cjs", "action_flag": 3, "change_message": ""}}, {"model": "admin.logentry", "pk": 46, "fields": {"action_time": "2022-05-14T09:41:47.488Z", "user": 1, "content_type": 9, "object_id": "6", "object_repr": "8h0pzlc671ey5utjjt1y1w4dtkitoezy", "action_flag": 3, "change_message": ""}}, {"model": "admin.logentry", "pk": 47, "fields": {"action_time": "2022-05-14T09:41:47.497Z", "user": 1, "content_type": 9, "object_id": "5", "object_repr": "32yb4461bf8bxyvxxha2cl41iym59z4j", "action_flag": 3, "change_message": ""}}, {"model": "admin.logentry", "pk": 48, "fields": {"action_time": "2022-05-14T09:41:47.507Z", "user": 1, "content_type": 9, "object_id": "4", "object_repr": "14inckxn728jwq04f53xgvvi4jnkt1x9", "action_flag": 3, "change_message": ""}}, {"model": "admin.logentry", "pk": 49, "fields": {"action_time": "2022-05-14T09:41:47.515Z", "user": 1, "content_type": 9, "object_id": "3", "object_repr": "tj1m859hreda5vebndh7y18345rhhvgb", "action_flag": 3, "change_message": ""}}, {"model": "admin.logentry", "pk": 50, "fields": {"action_time": "2022-05-14T09:41:47.523Z", "user": 1, "content_type": 9, "object_id": "2", "object_repr": "wgx0wznbtmc1ozsirz0dkkvptd7pf6ol", "action_flag": 3, "change_message": ""}}, {"model": "admin.logentry", "pk": 51, "fields": {"action_time": "2022-05-14T09:41:47.533Z", "user": 1, "content_type": 9, "object_id": "1", "object_repr": "4b7hkit64z9yj2azit0anxd8y116s43y", "action_flag": 3, "change_message": ""}}, {"model": "admin.logentry", "pk": 52, "fields": {"action_time": "2022-05-14T10:34:49.539Z", "user": 1, "content_type": 10, "object_id": "40", "object_repr": "CartItem object (40)", "action_flag": 3, "change_message": ""}}, {"model": "admin.logentry", "pk": 53, "fields": {"action_time": "2022-05-14T10:34:49.619Z", "user": 1, "content_type": 10, "object_id": "39", "object_repr": "CartItem object (39)", "action_flag": 3, "change_message": ""}}, {"model": "admin.logentry", "pk": 54, "fields": {"action_time": "2022-05-14T20:02:20.372Z", "user": 1, "content_type": 12, "object_id": "7", "object_repr": "Damian", "action_flag": 3, "change_message": ""}}, {"model": "admin.logentry", "pk": 55, "fields": {"action_time": "2022-05-14T20:02:20.382Z", "user": 1, "content_type": 12, "object_id": "6", "object_repr": "Damian", "action_flag": 3, "change_message": ""}}, {"model": "admin.logentry", "pk": 56, "fields": {"action_time": "2022-05-14T20:02:20.393Z", "user": 1, "content_type": 12, "object_id": "5", "object_repr": "Damian", "action_flag": 3, "change_message": ""}}, {"model": "admin.logentry", "pk": 57, "fields": {"action_time": "2022-05-14T20:02:20.403Z", "user": 1, "content_type": 12, "object_id": "4", "object_repr": "Damian", "action_flag": 3, "change_message": ""}}, {"model": "admin.logentry", "pk": 58, "fields": {"action_time": "2022-05-14T20:02:20.414Z", "user": 1, "content_type": 12, "object_id": "3", "object_repr": "Damian", "action_flag": 3, "change_message": ""}}, {"model": "admin.logentry", "pk": 59, "fields": {"action_time": "2022-05-14T20:02:20.424Z", "user": 1, "content_type": 12, "object_id": "2", "object_repr": "Damian", "action_flag": 3, "change_message": ""}}, {"model": "admin.logentry", "pk": 60, "fields": {"action_time": "2022-05-14T20:02:20.434Z", "user": 1, "content_type": 12, "object_id": "1", "object_repr": "Damian", "action_flag": 3, "change_message": ""}}, {"model": "admin.logentry", "pk": 61, "fields": {"action_time": "2022-05-16T11:20:55.121Z", "user": 1, "content_type": 12, "object_id": "44", "object_repr": "Damian", "action_flag": 3, "change_message": ""}}, {"model": "admin.logentry", "pk": 62, "fields": {"action_time": "2022-05-16T11:20:55.185Z", "user": 1, "content_type": 12, "object_id": "43", "object_repr": "Damian", "action_flag": 3, "change_message": ""}}, {"model": "admin.logentry", "pk": 63, "fields": {"action_time": "2022-05-16T11:20:55.195Z", "user": 1, "content_type": 12, "object_id": "42", "object_repr": "Damian", "action_flag": 3, "change_message": ""}}, {"model": "admin.logentry", "pk": 64, "fields": {"action_time": "2022-05-16T11:20:55.206Z", "user": 1, "content_type": 12, "object_id": "41", "object_repr": "Damian", "action_flag": 3, "change_message": ""}}, {"model": "admin.logentry", "pk": 65, "fields": {"action_time": "2022-05-16T11:20:55.216Z", "user": 1, "content_type": 12, "object_id": "40", "object_repr": "Damian", "action_flag": 3, "change_message": ""}}, {"model": "admin.logentry", "pk": 66, "fields": {"action_time": "2022-05-16T11:20:55.226Z", "user": 1, "content_type": 12, "object_id": "39", "object_repr": "Damian", "action_flag": 3, "change_message": ""}}, {"model": "admin.logentry", "pk": 67, "fields": {"action_time": "2022-05-16T11:20:55.235Z", "user": 1, "content_type": 12, "object_id": "38", "object_repr": "Damian", "action_flag": 3, "change_message": ""}}, {"model": "admin.logentry", "pk": 68, "fields": {"action_time": "2022-05-16T11:20:55.245Z", "user": 1, "content_type": 12, "object_id": "37", "object_repr": "Damian", "action_flag": 3, "change_message": ""}}, {"model": "admin.logentry", "pk": 69, "fields": {"action_time": "2022-05-16T11:20:55.255Z", "user": 1, "content_type": 12, "object_id": "36", "object_repr": "Damian", "action_flag": 3, "change_message": ""}}, {"model": "admin.logentry", "pk": 70, "fields": {"action_time": "2022-05-16T11:20:55.265Z", "user": 1, "content_type": 12, "object_id": "35", "object_repr": "Damian", "action_flag": 3, "change_message": ""}}, {"model": "admin.logentry", "pk": 71, "fields": {"action_time": "2022-05-16T11:20:55.276Z", "user": 1, "content_type": 12, "object_id": "34", "object_repr": "Damian", "action_flag": 3, "change_message": ""}}, {"model": "admin.logentry", "pk": 72, "fields": {"action_time": "2022-05-16T11:20:55.286Z", "user": 1, "content_type": 12, "object_id": "33", "object_repr": "Damian", "action_flag": 3, "change_message": ""}}, {"model": "admin.logentry", "pk": 73, "fields": {"action_time": "2022-05-16T11:20:55.296Z", "user": 1, "content_type": 12, "object_id": "32", "object_repr": "Damian", "action_flag": 3, "change_message": ""}}, {"model": "admin.logentry", "pk": 74, "fields": {"action_time": "2022-05-16T11:20:55.304Z", "user": 1, "content_type": 12, "object_id": "31", "object_repr": "Damian", "action_flag": 3, "change_message": ""}}, {"model": "admin.logentry", "pk": 75, "fields": {"action_time": "2022-05-16T11:20:55.312Z", "user": 1, "content_type": 12, "object_id": "30", "object_repr": "Damian", "action_flag": 3, "change_message": ""}}, {"model": "admin.logentry", "pk": 76, "fields": {"action_time": "2022-05-16T11:20:55.321Z", "user": 1, "content_type": 12, "object_id": "29", "object_repr": "Damian", "action_flag": 3, "change_message": ""}}, {"model": "admin.logentry", "pk": 77, "fields": {"action_time": "2022-05-16T11:20:55.331Z", "user": 1, "content_type": 12, "object_id": "28", "object_repr": "Damian", "action_flag": 3, "change_message": ""}}, {"model": "admin.logentry", "pk": 78, "fields": {"action_time": "2022-05-16T11:20:55.341Z", "user": 1, "content_type": 12, "object_id": "27", "object_repr": "Damian", "action_flag": 3, "change_message": ""}}, {"model": "admin.logentry", "pk": 79, "fields": {"action_time": "2022-05-16T11:20:55.348Z", "user": 1, "content_type": 12, "object_id": "26", "object_repr": "Damian", "action_flag": 3, "change_message": ""}}, {"model": "admin.logentry", "pk": 80, "fields": {"action_time": "2022-05-16T11:20:55.357Z", "user": 1, "content_type": 12, "object_id": "25", "object_repr": "Damian", "action_flag": 3, "change_message": ""}}, {"model": "admin.logentry", "pk": 81, "fields": {"action_time": "2022-05-16T11:21:00.748Z", "user": 1, "content_type": 13, "object_id": "1", "object_repr": "41P25737W7910104E", "action_flag": 3, "change_message": ""}}, {"model": "admin.logentry", "pk": 82, "fields": {"action_time": "2022-05-17T14:00:32.330Z", "user": 1, "content_type": 10, "object_id": "46", "object_repr": "CartItem object (46)", "action_flag": 3, "change_message": ""}}, {"model": "admin.logentry", "pk": 83, "fields": {"action_time": "2022-05-17T14:00:32.346Z", "user": 1, "content_type": 10, "object_id": "45", "object_repr": "CartItem object (45)", "action_flag": 3, "change_message": ""}}, {"model": "admin.logentry", "pk": 84, "fields": {"action_time": "2022-05-17T14:00:32.357Z", "user": 1, "content_type": 10, "object_id": "42", "object_repr": "CartItem object (42)", "action_flag": 3, "change_message": ""}}, {"model": "admin.logentry", "pk": 85, "fields": {"action_time": "2022-05-17T21:01:13.935Z", "user": 1, "content_type": 16, "object_id": "1", "object_repr": "Damian", "action_flag": 1, "change_message": "[{\"added\": {}}]"}}, {"model": "admin.logentry", "pk": 86, "fields": {"action_time": "2022-05-18T08:09:21.054Z", "user": 1, "content_type": 8, "object_id": "8", "object_repr": "RXN Blue Shirt", "action_flag": 2, "change_message": "[{\"added\": {\"name\": \"Product gallery\", \"object\": \"RXN Blue Shirt\"}}]"}}, {"model": "admin.logentry", "pk": 87, "fields": {"action_time": "2022-05-18T08:10:08.824Z", "user": 1, "content_type": 8, "object_id": "8", "object_repr": "RXN Blue Shirt", "action_flag": 2, "change_message": "[{\"deleted\": {\"name\": \"Product gallery\", \"object\": \"RXN Blue Shirt\"}}]"}}, {"model": "admin.logentry", "pk": 88, "fields": {"action_time": "2022-05-18T08:11:05.090Z", "user": 1, "content_type": 8, "object_id": "1", "object_repr": "ATX Jeans", "action_flag": 2, "change_message": "[{\"added\": {\"name\": \"Product gallery\", \"object\": \"ATX Jeans\"}}, {\"added\": {\"name\": \"Product gallery\", \"object\": \"ATX Jeans\"}}, {\"added\": {\"name\": \"Product gallery\", \"object\": \"ATX Jeans\"}}, {\"added\": {\"name\": \"Product gallery\", \"object\": \"ATX Jeans\"}}]"}}, {"model": "admin.logentry", "pk": 89, "fields": {"action_time": "2022-05-18T08:11:25.949Z", "user": 1, "content_type": 8, "object_id": "1", "object_repr": "ATX Jeans", "action_flag": 2, "change_message": "[{\"deleted\": {\"name\": \"Product gallery\", \"object\": \"ATX Jeans\"}}]"}}, {"model": "auth.permission", "pk": 1, "fields": {"name": "Can add account", "content_type": 1, "codename": "add_account"}}, {"model": "auth.permission", "pk": 2, "fields": {"name": "Can change account", "content_type": 1, "codename": "change_account"}}, {"model": "auth.permission", "pk": 3, "fields": {"name": "Can delete account", "content_type": 1, "codename": "delete_account"}}, {"model": "auth.permission", "pk": 4, "fields": {"name": "Can view account", "content_type": 1, "codename": "view_account"}}, {"model": "auth.permission", "pk": 5, "fields": {"name": "Can add category", "content_type": 2, "codename": "add_category"}}, {"model": "auth.permission", "pk": 6, "fields": {"name": "Can change category", "content_type": 2, "codename": "change_category"}}, {"model": "auth.permission", "pk": 7, "fields": {"name": "Can delete category", "content_type": 2, "codename": "delete_category"}}, {"model": "auth.permission", "pk": 8, "fields": {"name": "Can view category", "content_type": 2, "codename": "view_category"}}, {"model": "auth.permission", "pk": 9, "fields": {"name": "Can add log entry", "content_type": 3, "codename": "add_logentry"}}, {"model": "auth.permission", "pk": 10, "fields": {"name": "Can change log entry", "content_type": 3, "codename": "change_logentry"}}, {"model": "auth.permission", "pk": 11, "fields": {"name": "Can delete log entry", "content_type": 3, "codename": "delete_logentry"}}, {"model": "auth.permission", "pk": 12, "fields": {"name": "Can view log entry", "content_type": 3, "codename": "view_logentry"}}, {"model": "auth.permission", "pk": 13, "fields": {"name": "Can add permission", "content_type": 4, "codename": "add_permission"}}, {"model": "auth.permission", "pk": 14, "fields": {"name": "Can change permission", "content_type": 4, "codename": "change_permission"}}, {"model": "auth.permission", "pk": 15, "fields": {"name": "Can delete permission", "content_type": 4, "codename": "delete_permission"}}, {"model": "auth.permission", "pk": 16, "fields": {"name": "Can view permission", "content_type": 4, "codename": "view_permission"}}, {"model": "auth.permission", "pk": 17, "fields": {"name": "Can add group", "content_type": 5, "codename": "add_group"}}, {"model": "auth.permission", "pk": 18, "fields": {"name": "Can change group", "content_type": 5, "codename": "change_group"}}, {"model": "auth.permission", "pk": 19, "fields": {"name": "Can delete group", "content_type": 5, "codename": "delete_group"}}, {"model": "auth.permission", "pk": 20, "fields": {"name": "Can view group", "content_type": 5, "codename": "view_group"}}, {"model": "auth.permission", "pk": 21, "fields": {"name": "Can add content type", "content_type": 6, "codename": "add_contenttype"}}, {"model": "auth.permission", "pk": 22, "fields": {"name": "Can change content type", "content_type": 6, "codename": "change_contenttype"}}, {"model": "auth.permission", "pk": 23, "fields": {"name": "Can delete content type", "content_type": 6, "codename": "delete_contenttype"}}, {"model": "auth.permission", "pk": 24, "fields": {"name": "Can view content type", "content_type": 6, "codename": "view_contenttype"}}, {"model": "auth.permission", "pk": 25, "fields": {"name": "Can add session", "content_type": 7, "codename": "add_session"}}, {"model": "auth.permission", "pk": 26, "fields": {"name": "Can change session", "content_type": 7, "codename": "change_session"}}, {"model": "auth.permission", "pk": 27, "fields": {"name": "Can delete session", "content_type": 7, "codename": "delete_session"}}, {"model": "auth.permission", "pk": 28, "fields": {"name": "Can view session", "content_type": 7, "codename": "view_session"}}, {"model": "auth.permission", "pk": 29, "fields": {"name": "Can add product", "content_type": 8, "codename": "add_product"}}, {"model": "auth.permission", "pk": 30, "fields": {"name": "Can change product", "content_type": 8, "codename": "change_product"}}, {"model": "auth.permission", "pk": 31, "fields": {"name": "Can delete product", "content_type": 8, "codename": "delete_product"}}, {"model": "auth.permission", "pk": 32, "fields": {"name": "Can view product", "content_type": 8, "codename": "view_product"}}, {"model": "auth.permission", "pk": 33, "fields": {"name": "Can add cart", "content_type": 9, "codename": "add_cart"}}, {"model": "auth.permission", "pk": 34, "fields": {"name": "Can change cart", "content_type": 9, "codename": "change_cart"}}, {"model": "auth.permission", "pk": 35, "fields": {"name": "Can delete cart", "content_type": 9, "codename": "delete_cart"}}, {"model": "auth.permission", "pk": 36, "fields": {"name": "Can view cart", "content_type": 9, "codename": "view_cart"}}, {"model": "auth.permission", "pk": 37, "fields": {"name": "Can add cart item", "content_type": 10, "codename": "add_cartitem"}}, {"model": "auth.permission", "pk": 38, "fields": {"name": "Can change cart item", "content_type": 10, "codename": "change_cartitem"}}, {"model": "auth.permission", "pk": 39, "fields": {"name": "Can delete cart item", "content_type": 10, "codename": "delete_cartitem"}}, {"model": "auth.permission", "pk": 40, "fields": {"name": "Can view cart item", "content_type": 10, "codename": "view_cartitem"}}, {"model": "auth.permission", "pk": 41, "fields": {"name": "Can add variation", "content_type": 11, "codename": "add_variation"}}, {"model": "auth.permission", "pk": 42, "fields": {"name": "Can change variation", "content_type": 11, "codename": "change_variation"}}, {"model": "auth.permission", "pk": 43, "fields": {"name": "Can delete variation", "content_type": 11, "codename": "delete_variation"}}, {"model": "auth.permission", "pk": 44, "fields": {"name": "Can view variation", "content_type": 11, "codename": "view_variation"}}, {"model": "auth.permission", "pk": 45, "fields": {"name": "Can add order", "content_type": 12, "codename": "add_order"}}, {"model": "auth.permission", "pk": 46, "fields": {"name": "Can change order", "content_type": 12, "codename": "change_order"}}, {"model": "auth.permission", "pk": 47, "fields": {"name": "Can delete order", "content_type": 12, "codename": "delete_order"}}, {"model": "auth.permission", "pk": 48, "fields": {"name": "Can view order", "content_type": 12, "codename": "view_order"}}, {"model": "auth.permission", "pk": 49, "fields": {"name": "Can add payment", "content_type": 13, "codename": "add_payment"}}, {"model": "auth.permission", "pk": 50, "fields": {"name": "Can change payment", "content_type": 13, "codename": "change_payment"}}, {"model": "auth.permission", "pk": 51, "fields": {"name": "Can delete payment", "content_type": 13, "codename": "delete_payment"}}, {"model": "auth.permission", "pk": 52, "fields": {"name": "Can view payment", "content_type": 13, "codename": "view_payment"}}, {"model": "auth.permission", "pk": 53, "fields": {"name": "Can add order product", "content_type": 14, "codename": "add_orderproduct"}}, {"model": "auth.permission", "pk": 54, "fields": {"name": "Can change order product", "content_type": 14, "codename": "change_orderproduct"}}, {"model": "auth.permission", "pk": 55, "fields": {"name": "Can delete order product", "content_type": 14, "codename": "delete_orderproduct"}}, {"model": "auth.permission", "pk": 56, "fields": {"name": "Can view order product", "content_type": 14, "codename": "view_orderproduct"}}, {"model": "auth.permission", "pk": 57, "fields": {"name": "Can add review rating", "content_type": 15, "codename": "add_reviewrating"}}, {"model": "auth.permission", "pk": 58, "fields": {"name": "Can change review rating", "content_type": 15, "codename": "change_reviewrating"}}, {"model": "auth.permission", "pk": 59, "fields": {"name": "Can delete review rating", "content_type": 15, "codename": "delete_reviewrating"}}, {"model": "auth.permission", "pk": 60, "fields": {"name": "Can view review rating", "content_type": 15, "codename": "view_reviewrating"}}, {"model": "auth.permission", "pk": 61, "fields": {"name": "Can add user profile", "content_type": 16, "codename": "add_userprofile"}}, {"model": "auth.permission", "pk": 62, "fields": {"name": "Can change user profile", "content_type": 16, "codename": "change_userprofile"}}, {"model": "auth.permission", "pk": 63, "fields": {"name": "Can delete user profile", "content_type": 16, "codename": "delete_userprofile"}}, {"model": "auth.permission", "pk": 64, "fields": {"name": "Can view user profile", "content_type": 16, "codename": "view_userprofile"}}, {"model": "auth.permission", "pk": 65, "fields": {"name": "Can add product gallery", "content_type": 17, "codename": "add_productgallery"}}, {"model": "auth.permission", "pk": 66, "fields": {"name": "Can change product gallery", "content_type": 17, "codename": "change_productgallery"}}, {"model": "auth.permission", "pk": 67, "fields": {"name": "Can delete product gallery", "content_type": 17, "codename": "delete_productgallery"}}, {"model": "auth.permission", "pk": 68, "fields": {"name": "Can view product gallery", "content_type": 17, "codename": "view_productgallery"}}, {"model": "contenttypes.contenttype", "pk": 1, "fields": {"app_label": "accounts", "model": "account"}}, {"model": "contenttypes.contenttype", "pk": 2, "fields": {"app_label": "category", "model": "category"}}, {"model": "contenttypes.contenttype", "pk": 3, "fields": {"app_label": "admin", "model": "logentry"}}, {"model": "contenttypes.contenttype", "pk": 4, "fields": {"app_label": "auth", "model": "permission"}}, {"model": "contenttypes.contenttype", "pk": 5, "fields": {"app_label": "auth", "model": "group"}}, {"model": "contenttypes.contenttype", "pk": 6, "fields": {"app_label": "contenttypes", "model": "contenttype"}}, {"model": "contenttypes.contenttype", "pk": 7, "fields": {"app_label": "sessions", "model": "session"}}, {"model": "contenttypes.contenttype", "pk": 8, "fields": {"app_label": "store", "model": "product"}}, {"model": "contenttypes.contenttype", "pk": 9, "fields": {"app_label": "carts", "model": "cart"}}, {"model": "contenttypes.contenttype", "pk": 10, "fields": {"app_label": "carts", "model": "cartitem"}}, {"model": "contenttypes.contenttype", "pk": 11, "fields": {"app_label": "store", "model": "variation"}}, {"model": "contenttypes.contenttype", "pk": 12, "fields": {"app_label": "orders", "model": "order"}}, {"model": "contenttypes.contenttype", "pk": 13, "fields": {"app_label": "orders", "model": "payment"}}, {"model": "contenttypes.contenttype", "pk": 14, "fields": {"app_label": "orders", "model": "orderproduct"}}, {"model": "contenttypes.contenttype", "pk": 15, "fields": {"app_label": "store", "model": "reviewrating"}}, {"model": "contenttypes.contenttype", "pk": 16, "fields": {"app_label": "accounts", "model": "userprofile"}}, {"model": "contenttypes.contenttype", "pk": 17, "fields": {"app_label": "store", "model": "productgallery"}}, {"model": "sessions.session", "pk": "0f4nkwapvh3upljsswjo53woamjbjxvj", "fields": {"session_data": ".eJxVjMsOwiAQRf-FtSGMQAGX7vsNzcDM2KqBpI-V8d-1SRe6veec-1IDbus4bAvPw0TqokCdfreM5cF1B3THemu6tLrOU9a7og-66L4RP6-H-3cw4jJ-a39OEjwUkmCl62zOaDoMkL1ASs6YwoUjeRJ0NqGLHmIKwsJgLLio3h_opjfi:1nqb10:HqW5bK_tFAwBXY-38N6DJw4gkXNBFntV_XWivGh22as", "expire_date": "2022-05-30T13:44:02.923Z"}}, {"model": "sessions.session", "pk": "g5wdyfhfr52he3ftqhmixjaunokgkidn", "fields": {"session_data": ".eJxVjMsOwiAQRf-FtSGMQAGX7vsNzcDM2KqBpI-V8d-1SRe6veec-1IDbus4bAvPw0TqokCdfreM5cF1B3THemu6tLrOU9a7og-66L4RP6-H-3cw4jJ-a39OEjwUkmCl62zOaDoMkL1ASs6YwoUjeRJ0NqGLHmIKwsJgLLio3h_opjfi:1nrEdV:vuVDOOMvwDNi1ApR8X8nnTDTGGLVJYoDJ14rLFE6BA8", "expire_date": "2022-06-01T08:02:25.225Z"}}, {"model": "sessions.session", "pk": "hn565pyb1hde5y5y64b0xcdv9251kh12", "fields": {"session_data": "eyJfc2Vzc2lvbl9pbml0X3RpbWVzdGFtcF8iOjE2NTMxNDA1MzguODc3NzAwNn0:1nsPN4:HHJEy34HmY3MQLhmZT8F9VTjh4l1W4vJyFvQFAAjQU8", "expire_date": "2022-06-04T13:42:18.881Z"}}, {"model": "sessions.session", "pk": "ly40h6ka0bgff737hdrgzyw00xufag45", "fields": {"session_data": ".eJxVjDkOwjAUBe_iGlnJd7yEkp4zWPZfcAA5UpxUiLtDpBTQvpl5LxXTtpa4NV7iROqselCn3zEnfHDdCd1Tvc0a57ouU9a7og_a9HUmfl4O9--gpFa-NQeDI9guexZPNpihH8EDBBlsEDEOkcEQGsjOdOK8JxJg9AxJMAX1_gD9KTh6:1nqWwB:hDcOOCbpOckBTzJzfqMt5XlHGwSXrfiLQl7yZ4XlQ3c", "expire_date": "2022-05-30T09:22:47.227Z"}}, {"model": "sessions.session", "pk": "nmv871063nb2jno5hiunzyyxswqfy5sb", "fields": {"session_data": ".eJxVjDkOwjAUBe_iGlnJd7yEkp4zWPZfcAA5UpxUiLtDpBTQvpl5LxXTtpa4NV7iROqselCn3zEnfHDdCd1Tvc0a57ouU9a7og_a9HUmfl4O9--gpFa-NQeDI9guexZPNpihH8EDBBlsEDEOkcEQGsjOdOK8JxJg9AxJMAX1_gD9KTh6:1nqa9x:JgZLi6ngZPHOfgmlLMoGbAkTwnOhM1BG9oTefMM9ms8", "expire_date": "2022-05-30T12:49:13.568Z"}}, {"model": "sessions.session", "pk": "sfm7hjc59fq5ptphvqwkio0036otz9ts", "fields": {"session_data": ".eJxVjDkOwjAUBe_iGlnJd7yEkp4zWPZfcAA5UpxUiLtDpBTQvpl5LxXTtpa4NV7iROqselCn3zEnfHDdCd1Tvc0a57ouU9a7og_a9HUmfl4O9--gpFa-NQeDI9guexZPNpihH8EDBBlsEDEOkcEQGsjOdOK8JxJg9AxJMAX1_gD9KTh6:1npo2T:RVrjzhMCE75rHZwEvWS0kstd9K2n-HGH_-IQH_yS73c", "expire_date": "2022-05-28T09:26:17.337Z"}}, {"model": "sessions.session", "pk": "xhl2j0s6zcr2eqqn6n1sy5ihim01d1qw", "fields": {"session_data": "eyJfc2Vzc2lvbl9pbml0X3RpbWVzdGFtcF8iOjE2NTMwNTUwNzEuOTU2Mjg1N30:1ns38Z:qX0emODa1if5sXZZP0b6VkpAAsrlxtj-PAacfjZa0Hs", "expire_date": "2022-06-03T13:57:51.964Z"}}, {"model": "store.product", "pk": 1, "fields": {"product_name": "ATX Jeans", "slug": "atx-jeans", "description": "Lorem ipsum dolor sit amet, consectetur adipiscing elit. Ut aliquam metus aliquet eleifend efficitur. Nunc vel eros eu quam pretium viverra ac ut erat. Duis id sodales sapien. Fusce mollis finibus orci. Etiam euismod, velit eu luctus porttitor, libero felis ultricies ligula, et viverra quam augue tempus ex.", "price": 199, "images": "photos/products/ATX-Jeans.jpg", "stock": 97, "is_available": true, "category": 4, "create_date": "2022-05-10T16:24:37.289Z", "modified_date": "2022-05-20T13:59:26.138Z"}}, {"model": "store.product", "pk": 2, "fields": {"product_name": "US Polo Assn Jacket", "slug": "us-polo-assn-jacket", "description": "Lorem ipsum dolor sit amet, consectetur adipiscing elit. Ut aliquam metus aliquet eleifend efficitur. Nunc vel eros eu quam pretium viverra ac ut erat. Duis id sodales sapien. Fusce mollis finibus orci. Etiam euismod, velit eu luctus porttitor, libero felis ultricies ligula, et viverra quam augue tempus ex. Morbi quam nunc, ultrices vel venenatis vel, ornare in tellus.", "price": 899, "images": "photos/products/US-Polo-Assn_Jacket.jpg", "stock": 300, "is_available": true, "category": 5, "create_date": "2022-05-10T16:25:40.836Z", "modified_date": "2022-05-10T16:25:40.837Z"}}, {"model": "store.product", "pk": 3, "fields": {"product_name": "Wrangler Shirt", "slug": "wrangler-shirt", "description": "Lorem ipsum dolor sit amet, consectetur adipiscing elit. Ut aliquam metus aliquet eleifend efficitur. Nunc vel eros eu quam pretium viverra ac ut erat. Duis id sodales sapien. Fusce mollis finibus orci. Etiam euismod, velit eu luctus porttitor, libero felis ultricies ligula, et viverra quam augue tempus ex. Morbi quam nunc, ultrices vel venenatis vel, ornare in tellus.", "price": 699, "images": "photos/products/Wrangler-Shirt.jpg", "stock": 2000, "is_available": true, "category": 1, "create_date": "2022-05-10T16:26:23.008Z", "modified_date": "2022-05-10T16:26:23.008Z"}}, {"model": "store.product", "pk": 4, "fields": {"product_name": "Puma Ferrari Shoes", "slug": "puma-ferrari-shoes", "description": "Lorem ipsum dolor sit amet, consectetur adipiscing elit. Ut aliquam metus aliquet eleifend efficitur. Nunc vel eros eu quam pretium viverra ac ut erat. Duis id sodales sapien. Fusce mollis finibus orci. Etiam euismod, velit eu luctus porttitor, libero felis ultricies ligula, et viverra quam augue tempus ex. Morbi quam nunc, ultrices vel venenatis vel, ornare in tellus.", "price": 1099, "images": "photos/products/Puma-Ferrari-Shoes.jpg", "stock": 500, "is_available": true, "category": 3, "create_date": "2022-05-10T16:26:58.361Z", "modified_date": "2022-05-10T16:26:58.361Z"}}, {"model": "store.product", "pk": 5, "fields": {"product_name": "Mavi Jeans", "slug": "mavi-jeans", "description": "Lorem ipsum dolor sit amet, consectetur adipiscing elit. Ut aliquam metus aliquet eleifend efficitur. Nunc vel eros eu quam pretium viverra ac ut erat. Duis id sodales sapien. Fusce mollis finibus orci. Etiam euismod, velit eu luctus porttitor, libero felis ultricies ligula, et viverra quam augue tempus ex. Morbi quam nunc, ultrices vel venenatis vel, ornare in tellus, jeans.", "price": 499, "images": "photos/products/Mavi_jeans.jpg", "stock": 1000, "is_available": true, "category": 4, "create_date": "2022-05-10T16:27:22.803Z", "modified_date": "2022-05-12T12:03:47.404Z"}}, {"model": "store.product", "pk": 6, "fields": {"product_name": "Jordan Basketball Shoes", "slug": "jordan-basketball-shoes", "description": "Lorem ipsum dolor sit amet, consectetur adipiscing elit. Ut aliquam metus aliquet eleifend efficitur. Nunc vel eros eu quam pretium viverra ac ut erat. Duis id sodales sapien. Fusce mollis finibus orci. Etiam euismod, velit eu luctus porttitor, libero felis ultricies ligula, et viverra quam augue tempus ex. Morbi quam nunc, ultrices vel venenatis vel, ornare in tellus.", "price": 999, "images": "photos/products/jordan-true-flight-basketball-shoes.jpg", "stock": 500, "is_available": true, "category": 3, "create_date": "2022-05-10T16:27:59.730Z", "modified_date": "2022-05-10T16:27:59.730Z"}}, {"model": "store.product", "pk": 7, "fields": {"product_name": "Great Tshirt", "slug": "great-tshirt", "description": "Lorem ipsum dolor sit amet, consectetur adipiscing elit. Ut aliquam metus aliquet eleifend efficitur. Nunc vel eros eu quam pretium viverra ac ut erat. Duis id sodales sapien. Fusce mollis finibus orci. Etiam euismod, velit eu luctus porttitor, libero felis ultricies ligula, et viverra quam augue tempus ex. Morbi quam nunc, ultrices vel venenatis vel, ornare in tellus.", "price": 119, "images": "photos/products/Great-Tshirt.jpg", "stock": 0, "is_available": true, "category": 2, "create_date": "2022-05-10T16:28:25.571Z", "modified_date": "2022-05-11T19:21:22.588Z"}}, {"model": "store.product", "pk": 8, "fields": {"product_name": "RXN Blue Shirt", "slug": "rxn-blue-shirt", "description": "Lorem ipsum dolor sit amet, consectetur adipiscing elit. Ut aliquam metus aliquet eleifend efficitur. Nunc vel eros eu quam pretium viverra ac ut erat. Duis id sodales sapien. Fusce mollis finibus orci. Etiam euismod, velit eu luctus porttitor, libero felis ultricies ligula, et viverra quam augue tempus ex. Morbi quam nunc, ultrices vel venenatis vel, ornare in tellus.", "price": 99, "images": "photos/products/Blue-Shirt.jpg", "stock": 200, "is_available": true, "category": 1, "create_date": "2022-05-10T16:29:10.445Z", "modified_date": "2022-05-18T08:10:08.765Z"}}, {"model": "store.variation", "pk": 1, "fields": {"product": 1, "variation_category": "color", "variation_value": "Red", "is_active": true, "created_at": "2022-05-12"}}, {"model": "store.variation", "pk": 2, "fields": {"product": 1, "variation_category": "color", "variation_value": "Blue", "is_active": true, "created_at": "2022-05-12"}}, {"model": "store.variation", "pk": 3, "fields": {"product": 1, "variation_category": "color", "variation_value": "White", "is_active": true, "created_at": "2022-05-12"}}, {"model": "store.variation", "pk": 4, "fields": {"product": 1, "variation_category": "size", "variation_value": "Small", "is_active": true, "created_at": "2022-05-12"}}, {"model": "store.variation", "pk": 5, "fields": {"product": 1, "variation_category": "size", "variation_value": "Medium", "is_active": true, "created_at": "2022-05-12"}}, {"model": "store.variation", "pk": 6, "fields": {"product": 1, "variation_category": "size", "variation_value": "Large", "is_active": true, "created_at": "2022-05-12"}}, {"model": "store.reviewrating", "pk": 1, "fields": {"product": 1, "user": 12, "subject": "test", "review": "test review", "rating": 4.5, "ip": "127.0.0.1", "status": true, "created_at": "2022-05-17T13:29:30.121Z", "updated_at": "2022-05-17T13:29:30.121Z"}}, {"model": "store.productgallery", "pk": 3, "fields": {"product": 1, "image": "store/products/image1.jpg"}}, {"model": "store.productgallery", "pk": 4, "fields": {"product": 1, "image": "store/products/image2.jpg"}}, {"model": "store.productgallery", "pk": 5, "fields": {"product": 1, "image": "store/products/image13.jpg"}}, {"model": "carts.cart", "pk": 13, "fields": {"cart_id": "c4yw0qb6ap1n2yosbo6ult4t0e38i8p7", "date_added": "2022-05-14"}}, {"model": "carts.cart", "pk": 14, "fields": {"cart_id": "0m0aghe6677gjup93jzsi1l1v352ny2o", "date_added": "2022-05-14"}}, {"model": "carts.cart", "pk": 15, "fields": {"cart_id": "5hrjdid5hoakqe4w7m3pnmmyjqx9en9d", "date_added": "2022-05-14"}}, {"model": "carts.cart", "pk": 16, "fields": {"cart_id": "upf1qxpanqz8pbeag0wwsew94b65e6dc", "date_added": "2022-05-14"}}, {"model": "carts.cart", "pk": 17, "fields": {"cart_id": "mv63so15wjafiy1nwqwscwsprjpwoxlb", "date_added": "2022-05-20"}}, {"model": "orders.payment", "pk": 2, "fields": {"user": 1, "payment_id": "2E244061C93377800", "payment_method": "PayPal", "amount_paid": "405.96", "status": "COMPLETED", "created_at": "2022-05-16T11:21:31.111Z"}}, {"model": "orders.payment", "pk": 3, "fields": {"user": 1, "payment_id": "59X67103C11408306", "payment_method": "PayPal", "amount_paid": "405.96", "status": "COMPLETED", "created_at": "2022-05-16T11:27:36.500Z"}}, {"model": "orders.payment", "pk": 4, "fields": {"user": 1, "payment_id": "01F25623VV713244V", "payment_method": "PayPal", "amount_paid": "405.96", "status": "COMPLETED", "created_at": "2022-05-16T11:31:47.630Z"}}, {"model": "orders.payment", "pk": 5, "fields": {"user": 1, "payment_id": "6N6698207S8468254", "payment_method": "PayPal", "amount_paid": "405.96", "status": "COMPLETED", "created_at": "2022-05-16T11:49:59.085Z"}}, {"model": "orders.payment", "pk": 6, "fields": {"user": 1, "payment_id": "7CM89889DX846883K", "payment_method": "PayPal", "amount_paid": "405.96", "status": "COMPLETED", "created_at": "2022-05-16T12:05:31.571Z"}}, {"model": "orders.payment", "pk": 7, "fields": {"user": 1, "payment_id": "7P780572P50707117", "payment_method": "PayPal", "amount_paid": "405.96", "status": "COMPLETED", "created_at": "2022-05-16T12:20:45.401Z"}}, {"model": "orders.payment", "pk": 8, "fields": {"user": 1, "payment_id": "6E5936287M210860X", "payment_method": "PayPal", "amount_paid": "405.96", "status": "COMPLETED", "created_at": "2022-05-16T12:30:38.827Z"}}, {"model": "orders.payment", "pk": 9, "fields": {"user": 1, "payment_id": "6W152059842968331", "payment_method": "PayPal", "amount_paid": "405.96", "status": "COMPLETED", "created_at": "2022-05-16T12:46:40.428Z"}}, {"model": "orders.payment", "pk": 10, "fields": {"user": 12, "payment_id": "5ES04616EJ814453V", "payment_method": "PayPal", "amount_paid": "405.96", "status": "COMPLETED", "created_at": "2022-05-16T12:50:03.043Z"}}, {"model": "orders.payment", "pk": 11, "fields": {"user": 12, "payment_id": "5S408336J6144703D", "payment_method": "PayPal", "amount_paid": "405.96", "status": "COMPLETED", "created_at": "2022-05-16T13:07:16.262Z"}}, {"model": "orders.payment", "pk": 12, "fields": {"user": 1, "payment_id": "8J196677CF8624517", "payment_method": "PayPal", "amount_paid": "405.96", "status": "COMPLETED", "created_at": "2022-05-16T13:28:02.893Z"}}, {"model": "orders.payment", "pk": 13, "fields": {"user": 1, "payment_id": "5KY994243D885903B", "payment_method": "PayPal", "amount_paid": "405.96", "status": "COMPLETED", "created_at": "2022-05-16T13:39:06.264Z"}}, {"model": "orders.payment", "pk": 14, "fields": {"user": 1, "payment_id": "89958737U81469808", "payment_method": "PayPal", "amount_paid": "405.96", "status": "COMPLETED", "created_at": "2022-05-16T13:41:04.029Z"}}, {"model": "orders.payment", "pk": 15, "fields": {"user": 12, "payment_id": "7AM27972M85483247", "payment_method": "PayPal", "amount_paid": "405.96", "status": "COMPLETED", "created_at": "2022-05-16T13:41:55.513Z"}}, {"model": "orders.payment", "pk": 16, "fields": {"user": 12, "payment_id": "7DW19995BF216441C", "payment_method": "PayPal", "amount_paid": "405.96", "status": "COMPLETED", "created_at": "2022-05-16T13:43:14.283Z"}}, {"model": "orders.payment", "pk": 17, "fields": {"user": 12, "payment_id": "6EK70572JX7516230", "payment_method": "PayPal", "amount_paid": "202.98", "status": "COMPLETED", "created_at": "2022-05-20T13:59:26.084Z"}}, {"model": "orders.order", "pk": 8, "fields": {"user": 1, "payment": null, "order_number": "202205148", "first_name": "Damian", "last_name": "Rutkowski", "phone": "21312312", "email": "d.rutkowski2000@gmail.com", "address_line_1": "a", "address_line_2": "a", "country": "a", "state": "a", "city": "a", "order_note": "a", "order_total": 405.96, "tax": 7.96, "status": "New", "ip": "127.0.0.1", "is_ordered": false, "created_at": "2022-05-14T20:02:32.937Z", "updated_at": "2022-05-14T20:02:32.946Z"}}, {"model": "orders.order", "pk": 9, "fields": {"user": 1, "payment": null, "order_number": "202205149", "first_name": "Damian", "last_name": "Rutkowski", "phone": "21312312", "email": "d.rutkowski2000@gmail.com", "address_line_1": "a", "address_line_2": "a", "country": "a", "state": "a", "city": "a", "order_note": "a", "order_total": 405.96, "tax": 7.96, "status": "New", "ip": "127.0.0.1", "is_ordered": false, "created_at": "2022-05-14T20:04:23.279Z", "updated_at": "2022-05-14T20:04:23.287Z"}}, {"model": "orders.order", "pk": 10, "fields": {"user": 1, "payment": null, "order_number": "2022051410", "first_name": "Damian", "last_name": "Rutkowski", "phone": "21312312", "email": "d.rutkowski2000@gmail.com", "address_line_1": "a", "address_line_2": "a", "country": "a", "state": "a", "city": "a", "order_note": "a", "order_total": 405.96, "tax": 7.96, "status": "New", "ip": "127.0.0.1", "is_ordered": false, "created_at": "2022-05-14T20:15:26.491Z", "updated_at": "2022-05-14T20:15:26.505Z"}}, {"model": "orders.order", "pk": 11, "fields": {"user": 1, "payment": null, "order_number": "2022051411", "first_name": "Damian", "last_name": "Rutkowski", "phone": "21312312", "email": "d.rutkowski2000@gmail.com", "address_line_1": "a", "address_line_2": "a", "country": "a", "state": "a", "city": "a", "order_note": "a", "order_total": 405.96, "tax": 7.96, "status": "New", "ip": "127.0.0.1", "is_ordered": false, "created_at": "2022-05-14T20:23:20.513Z", "updated_at": "2022-05-14T20:23:20.540Z"}}, {"model": "orders.order", "pk": 12, "fields": {"user": 1, "payment": null, "order_number": "2022051412", "first_name": "Damian", "last_name": "Rutkowski", "phone": "21312312", "email": "d.rutkowski2000@gmail.com", "address_line_1": "a", "address_line_2": "a", "country": "a", "state": "a", "city": "a", "order_note": "a", "order_total": 405.96, "tax": 7.96, "status": "New", "ip": "127.0.0.1", "is_ordered": false, "created_at": "2022-05-14T20:24:08.451Z", "updated_at": "2022-05-14T20:24:08.538Z"}}, {"model": "orders.order", "pk": 13, "fields": {"user": 1, "payment": null, "order_number": "2022051413", "first_name": "Damian", "last_name": "Rutkowski", "phone": "21312312", "email": "d.rutkowski2000@gmail.com", "address_line_1": "a", "address_line_2": "a", "country": "a", "state": "a", "city": "a", "order_note": "a", "order_total": 405.96, "tax": 7.96, "status": "New", "ip": "127.0.0.1", "is_ordered": false, "created_at": "2022-05-14T20:24:26.627Z", "updated_at": "2022-05-14T20:24:26.642Z"}}, {"model": "orders.order", "pk": 14, "fields": {"user": 1, "payment": null, "order_number": "2022051414", "first_name": "Damian", "last_name": "Rutkowski", "phone": "21312312", "email": "d.rutkowski2000@gmail.com", "address_line_1": "a", "address_line_2": "a", "country": "a", "state": "a", "city": "a", "order_note": "a", "order_total": 405.96, "tax": 7.96, "status": "New", "ip": "127.0.0.1", "is_ordered": false, "created_at": "2022-05-14T20:31:19.646Z", "updated_at": "2022-05-14T20:31:19.658Z"}}, {"model": "orders.order", "pk": 15, "fields": {"user": 1, "payment": null, "order_number": "2022051615", "first_name": "Damian", "last_name": "Rutkowski", "phone": "asdasdd", "email": "asdas@o2.pl", "address_line_1": "saasdas", "address_line_2": "sad", "country": "asdasdas", "state": "asd", "city": "assad", "order_note": "dsasadsa", "order_total": 405.96, "tax": 7.96, "status": "New", "ip": "127.0.0.1", "is_ordered": false, "created_at": "2022-05-16T09:12:56.309Z", "updated_at": "2022-05-16T09:12:56.320Z"}}, {"model": "orders.order", "pk": 16, "fields": {"user": 1, "payment": null, "order_number": "2022051616", "first_name": "Damian", "last_name": "Rutkowski", "phone": "asdasdd", "email": "asdas@o2.pl", "address_line_1": "saasdas", "address_line_2": "sad", "country": "asdasdas", "state": "asd", "city": "assad", "order_note": "dsasadsa", "order_total": 405.96, "tax": 7.96, "status": "New", "ip": "127.0.0.1", "is_ordered": false, "created_at": "2022-05-16T09:15:50.672Z", "updated_at": "2022-05-16T09:15:50.685Z"}}, {"model": "orders.order", "pk": 17, "fields": {"user": 1, "payment": null, "order_number": "2022051617", "first_name": "Damian", "last_name": "Rutkowski", "phone": "asdasdd", "email": "asdas@o2.pl", "address_line_1": "saasdas", "address_line_2": "sad", "country": "asdasdas", "state": "asd", "city": "assad", "order_note": "dsasadsa", "order_total": 405.96, "tax": 7.96, "status": "New", "ip": "127.0.0.1", "is_ordered": false, "created_at": "2022-05-16T09:15:52.070Z", "updated_at": "2022-05-16T09:15:52.081Z"}}, {"model": "orders.order", "pk": 18, "fields": {"user": 1, "payment": null, "order_number": "2022051618", "first_name": "Damian", "last_name": "Rutkowski", "phone": "asdasdd", "email": "asdas@o2.pl", "address_line_1": "saasdas", "address_line_2": "sad", "country": "asdasdas", "state": "asd", "city": "assad", "order_note": "dsasadsa", "order_total": 405.96, "tax": 7.96, "status": "New", "ip": "127.0.0.1", "is_ordered": false, "created_at": "2022-05-16T09:16:18.950Z", "updated_at": "2022-05-16T09:16:18.964Z"}}, {"model": "orders.order", "pk": 19, "fields": {"user": 1, "payment": null, "order_number": "2022051619", "first_name": "Damian", "last_name": "Rutkowski", "phone": "asdasdd", "email": "asdas@o2.pl", "address_line_1": "saasdas", "address_line_2": "sad", "country": "asdasdas", "state": "asd", "city": "assad", "order_note": "dsasadsa", "order_total": 405.96, "tax": 7.96, "status": "New", "ip": "127.0.0.1", "is_ordered": false, "created_at": "2022-05-16T09:16:21.918Z", "updated_at": "2022-05-16T09:16:21.932Z"}}, {"model": "orders.order", "pk": 20, "fields": {"user": 1, "payment": null, "order_number": "2022051620", "first_name": "Damian", "last_name": "Rutkowski", "phone": "asdasdd", "email": "asdas@o2.pl", "address_line_1": "saasdas", "address_line_2": "sad", "country": "asdasdas", "state": "asd", "city": "assad", "order_note": "dsasadsa", "order_total": 405.96, "tax": 7.96, "status": "New", "ip": "127.0.0.1", "is_ordered": false, "created_at": "2022-05-16T09:16:22.664Z", "updated_at": "2022-05-16T09:16:22.676Z"}}, {"model": "orders.order", "pk": 21, "fields": {"user": 1, "payment": null, "order_number": "2022051621", "first_name": "Damian", "last_name": "Rutkowski", "phone": "asdasdd", "email": "asdas@o2.pl", "address_line_1": "saasdas", "address_line_2": "sad", "country": "asdasdas", "state": "asd", "city": "assad", "order_note": "dsasadsa", "order_total": 405.96, "tax": 7.96, "status": "New", "ip": "127.0.0.1", "is_ordered": false, "created_at": "2022-05-16T09:16:44.722Z", "updated_at": "2022-05-16T09:16:44.736Z"}}, {"model": "orders.order", "pk": 22, "fields": {"user": 1, "payment": null, "order_number": "2022051622", "first_name": "Damian", "last_name": "Rutkowski", "phone": "asdasdd", "email": "asdas@o2.pl", "address_line_1": "saasdas", "address_line_2": "sad", "country": "asdasdas", "state": "asd", "city": "assad", "order_note": "dsasadsa", "order_total": 405.96, "tax": 7.96, "status": "New", "ip": "127.0.0.1", "is_ordered": false, "created_at": "2022-05-16T09:16:58.191Z", "updated_at": "2022-05-16T09:16:58.203Z"}}, {"model": "orders.order", "pk": 23, "fields": {"user": 1, "payment": null, "order_number": "2022051623", "first_name": "Damian", "last_name": "Rutkowski", "phone": "asdasdd", "email": "asdas@o2.pl", "address_line_1": "saasdas", "address_line_2": "sad", "country": "asdasdas", "state": "asd", "city": "assad", "order_note": "dsasadsa", "order_total": 405.96, "tax": 7.96, "status": "New", "ip": "127.0.0.1", "is_ordered": false, "created_at": "2022-05-16T09:17:19.049Z", "updated_at": "2022-05-16T09:17:19.063Z"}}, {"model": "orders.order", "pk": 24, "fields": {"user": 1, "payment": null, "order_number": "2022051624", "first_name": "Damian", "last_name": "Rutkowski", "phone": "asdasdd", "email": "asdas@o2.pl", "address_line_1": "saasdas", "address_line_2": "sad", "country": "asdasdas", "state": "asd", "city": "assad", "order_note": "dsasadsa", "order_total": 405.96, "tax": 7.96, "status": "New", "ip": "127.0.0.1", "is_ordered": false, "created_at": "2022-05-16T09:17:27.617Z", "updated_at": "2022-05-16T09:17:27.631Z"}}, {"model": "orders.order", "pk": 45, "fields": {"user": 1, "payment": 2, "order_number": "2022051645", "first_name": "Damian", "last_name": "Rutkowski", "phone": "213122", "email": "d.rutkowski2000@gmail.com", "address_line_1": "asd", "address_line_2": "asdas", "country": "sadsa", "state": "sad", "city": "sad", "order_note": "dsadas", "order_total": 405.96, "tax": 7.96, "status": "New", "ip": "127.0.0.1", "is_ordered": true, "created_at": "2022-05-16T11:21:13.118Z", "updated_at": "2022-05-16T11:21:31.179Z"}}, {"model": "orders.order", "pk": 46, "fields": {"user": 1, "payment": null, "order_number": "2022051646", "first_name": "Damian", "last_name": "Rutkowski", "phone": "213122", "email": "d.rutkowski2000@gmail.com", "address_line_1": "asd", "address_line_2": "asdas", "country": "sadsa", "state": "sad", "city": "sad", "order_note": "dsadas", "order_total": 405.96, "tax": 7.96, "status": "New", "ip": "127.0.0.1", "is_ordered": false, "created_at": "2022-05-16T11:27:13.381Z", "updated_at": "2022-05-16T11:27:13.444Z"}}, {"model": "orders.order", "pk": 47, "fields": {"user": 1, "payment": 3, "order_number": "2022051647", "first_name": "Damian", "last_name": "Rutkowski", "phone": "213122", "email": "d.rutkowski2000@gmail.com", "address_line_1": "asd", "address_line_2": "asdas", "country": "sadsa", "state": "sad", "city": "sad", "order_note": "dsadas", "order_total": 405.96, "tax": 7.96, "status": "New", "ip": "127.0.0.1", "is_ordered": true, "created_at": "2022-05-16T11:27:24.493Z", "updated_at": "2022-05-16T11:27:36.567Z"}}, {"model": "orders.order", "pk": 48, "fields": {"user": 1, "payment": 4, "order_number": "2022051648", "first_name": "Damian", "last_name": "Rutkowski", "phone": "213122", "email": "d.rutkowski2000@gmail.com", "address_line_1": "asd", "address_line_2": "asdas", "country": "sadsa", "state": "sad", "city": "sad", "order_note": "dsadas", "order_total": 405.96, "tax": 7.96, "status": "New", "ip": "127.0.0.1", "is_ordered": true, "created_at": "2022-05-16T11:31:29.956Z", "updated_at": "2022-05-16T11:31:47.691Z"}}, {"model": "orders.order", "pk": 49, "fields": {"user": 1, "payment": 5, "order_number": "2022051649", "first_name": "Damian", "last_name": "Rutkowski", "phone": "sa", "email": "sadasdas@o2.pl", "address_line_1": "dsadsa", "address_line_2": "dsa", "country": "dsads", "state": "sda", "city": "sadsa", "order_note": "adsasda", "order_total": 405.96, "tax": 7.96, "status": "New", "ip": "127.0.0.1", "is_ordered": true, "created_at": "2022-05-16T11:49:35.130Z", "updated_at": "2022-05-16T11:49:59.096Z"}}, {"model": "orders.order", "pk": 50, "fields": {"user": 1, "payment": 6, "order_number": "2022051650", "first_name": "Damian", "last_name": "Rutkowski", "phone": "213122", "email": "rutdar43@gmail.com", "address_line_1": "saasdas", "address_line_2": "a", "country": "a", "state": "a", "city": "a", "order_note": "aaaa", "order_total": 405.96, "tax": 7.96, "status": "New", "ip": "127.0.0.1", "is_ordered": true, "created_at": "2022-05-16T12:05:11.477Z", "updated_at": "2022-05-16T12:05:31.584Z"}}, {"model": "orders.order", "pk": 51, "fields": {"user": 1, "payment": null, "order_number": "2022051651", "first_name": "Damian", "last_name": "Rutkowski", "phone": "123123123", "email": "rutdar43@gmail.com", "address_line_1": "asdsa", "address_line_2": "sadas", "country": "asdasdsas", "state": "dsadasd", "city": "dsa", "order_note": "aa", "order_total": 405.96, "tax": 7.96, "status": "New", "ip": "127.0.0.1", "is_ordered": false, "created_at": "2022-05-16T12:18:32.094Z", "updated_at": "2022-05-16T12:18:32.104Z"}}, {"model": "orders.order", "pk": 52, "fields": {"user": 1, "payment": 7, "order_number": "2022051652", "first_name": "Damian", "last_name": "Rutkowski", "phone": "123123123", "email": "rutdar43@gmail.com", "address_line_1": "asdsa", "address_line_2": "sadas", "country": "asdasdsas", "state": "dsadasd", "city": "dsa", "order_note": "aa", "order_total": 405.96, "tax": 7.96, "status": "New", "ip": "127.0.0.1", "is_ordered": true, "created_at": "2022-05-16T12:19:44.620Z", "updated_at": "2022-05-16T12:20:45.412Z"}}, {"model": "orders.order", "pk": 53, "fields": {"user": 1, "payment": 8, "order_number": "2022051653", "first_name": "Damian", "last_name": "Rutkowski", "phone": "123123123", "email": "rutdar43@gmail.com", "address_line_1": "asdsa", "address_line_2": "sadas", "country": "asdasdsas", "state": "dsadasd", "city": "dsa", "order_note": "aa", "order_total": 405.96, "tax": 7.96, "status": "New", "ip": "127.0.0.1", "is_ordered": true, "created_at": "2022-05-16T12:30:21.426Z", "updated_at": "2022-05-16T12:30:38.837Z"}}, {"model": "orders.order", "pk": 54, "fields": {"user": 1, "payment": null, "order_number": "2022051654", "first_name": "Damian", "last_name": "Rutkowski", "phone": "dasdsaads", "email": "rutdar43@gmail.com", "address_line_1": "asdassa", "address_line_2": "asddas", "country": "dasasd", "state": "das", "city": "dasads", "order_note": "asdasd", "order_total": 405.96, "tax": 7.96, "status": "New", "ip": "127.0.0.1", "is_ordered": false, "created_at": "2022-05-16T12:33:12.001Z", "updated_at": "2022-05-16T12:33:12.011Z"}}, {"model": "orders.order", "pk": 55, "fields": {"user": 12, "payment": null, "order_number": "2022051655", "first_name": "Damian", "last_name": "Rutkowski", "phone": "534356213", "email": "rutdar43@gmail.com", "address_line_1": "ul. Dolnolezajska 114/9", "address_line_2": "asdas", "country": "Polska", "state": "dasdasdsadsa", "city": "Jarosaw", "order_note": "asdasdasas", "order_total": 405.96, "tax": 7.96, "status": "New", "ip": "127.0.0.1", "is_ordered": false, "created_at": "2022-05-16T12:34:53.565Z", "updated_at": "2022-05-16T12:34:53.576Z"}}, {"model": "orders.order", "pk": 56, "fields": {"user": 12, "payment": null, "order_number": "2022051656", "first_name": "Damian", "last_name": "Rutkowski", "phone": "534356213", "email": "rutdar43@gmail.com", "address_line_1": "ul. Dolnolezajska 114/9", "address_line_2": "asdas", "country": "Polska", "state": "dasdasdsadsa", "city": "Jarosaw", "order_note": "asdasdasas", "order_total": 405.96, "tax": 7.96, "status": "New", "ip": "127.0.0.1", "is_ordered": false, "created_at": "2022-05-16T12:39:05.880Z", "updated_at": "2022-05-16T12:39:05.895Z"}}, {"model": "orders.order", "pk": 57, "fields": {"user": 1, "payment": 9, "order_number": "2022051657", "first_name": "Damian", "last_name": "Rutkowski", "phone": "dasdsaads", "email": "rutdar43@gmail.com", "address_line_1": "asdassa", "address_line_2": "asddas", "country": "dasasd", "state": "das", "city": "dasads", "order_note": "asdasd", "order_total": 405.96, "tax": 7.96, "status": "New", "ip": "127.0.0.1", "is_ordered": true, "created_at": "2022-05-16T12:46:06.417Z", "updated_at": "2022-05-16T12:46:40.439Z"}}, {"model": "orders.order", "pk": 58, "fields": {"user": 12, "payment": 10, "order_number": "2022051658", "first_name": "Damian", "last_name": "Rutkowski", "phone": "asdsa", "email": "rutdar43@gmail.com", "address_line_1": "sad", "address_line_2": "sadsad", "country": "dsad", "state": "asdas", "city": "sad", "order_note": "sadsa", "order_total": 405.96, "tax": 7.96, "status": "New", "ip": "127.0.0.1", "is_ordered": true, "created_at": "2022-05-16T12:49:22.419Z", "updated_at": "2022-05-16T12:50:03.054Z"}}, {"model": "orders.order", "pk": 59, "fields": {"user": 12, "payment": null, "order_number": "2022051659", "first_name": "Damian", "last_name": "Rutkowski", "phone": "534356213", "email": "plemionatokimiti@o2.pl", "address_line_1": "ul. Dolnolezajska 114/9", "address_line_2": "asd", "country": "Polska", "state": "asd", "city": "Jarosaw", "order_note": "asdsadas", "order_total": 405.96, "tax": 7.96, "status": "New", "ip": "127.0.0.1", "is_ordered": false, "created_at": "2022-05-16T12:53:52.223Z", "updated_at": "2022-05-16T12:53:52.232Z"}}, {"model": "orders.order", "pk": 60, "fields": {"user": 12, "payment": 11, "order_number": "2022051660", "first_name": "Damian", "last_name": "Rutkowski", "phone": "asdsa", "email": "rutdar43@gmail.com", "address_line_1": "sad", "address_line_2": "sadsad", "country": "dsad", "state": "asdas", "city": "sad", "order_note": "sadsa", "order_total": 405.96, "tax": 7.96, "status": "New", "ip": "127.0.0.1", "is_ordered": true, "created_at": "2022-05-16T13:06:20.186Z", "updated_at": "2022-05-16T13:07:16.274Z"}}, {"model": "orders.order", "pk": 61, "fields": {"user": 1, "payment": null, "order_number": "2022051661", "first_name": "Damian", "last_name": "Rutkowski", "phone": "dasdsaads", "email": "rutdar43@gmail.com", "address_line_1": "asdassa", "address_line_2": "asddas", "country": "dasasd", "state": "das", "city": "dasads", "order_note": "asdasd", "order_total": 405.96, "tax": 7.96, "status": "New", "ip": "127.0.0.1", "is_ordered": false, "created_at": "2022-05-16T13:09:12.640Z", "updated_at": "2022-05-16T13:09:12.651Z"}}, {"model": "orders.order", "pk": 62, "fields": {"user": 12, "payment": null, "order_number": "2022051662", "first_name": "Damian", "last_name": "Rutkowski", "phone": "asdsa", "email": "rutdar43@gmail.com", "address_line_1": "sad", "address_line_2": "sadsad", "country": "dsad", "state": "asdas", "city": "sad", "order_note": "sadsa", "order_total": 405.96, "tax": 7.96, "status": "New", "ip": "127.0.0.1", "is_ordered": false, "created_at": "2022-05-16T13:11:08.718Z", "updated_at": "2022-05-16T13:11:08.737Z"}}, {"model": "orders.order", "pk": 63, "fields": {"user": 12, "payment": null, "order_number": "2022051663", "first_name": "Damian", "last_name": "Rutkowski", "phone": "asdsa", "email": "rutdar43@gmail.com", "address_line_1": "sad", "address_line_2": "sadsad", "country": "dsad", "state": "asdas", "city": "sad", "order_note": "sadsa", "order_total": 405.96, "tax": 7.96, "status": "New", "ip": "127.0.0.1", "is_ordered": false, "created_at": "2022-05-16T13:11:10.717Z", "updated_at": "2022-05-16T13:11:10.729Z"}}, {"model": "orders.order", "pk": 64, "fields": {"user": 12, "payment": null, "order_number": "2022051664", "first_name": "Damian", "last_name": "Rutkowski", "phone": "asdsa", "email": "rutdar43@gmail.com", "address_line_1": "sad", "address_line_2": "sadsad", "country": "dsad", "state": "asdas", "city": "sad", "order_note": "sadsa", "order_total": 405.96, "tax": 7.96, "status": "New", "ip": "127.0.0.1", "is_ordered": false, "created_at": "2022-05-16T13:11:12.823Z", "updated_at": "2022-05-16T13:11:12.833Z"}}, {"model": "orders.order", "pk": 65, "fields": {"user": 12, "payment": null, "order_number": "2022051665", "first_name": "Damian", "last_name": "Rutkowski", "phone": "asdsa", "email": "rutdar43@gmail.com", "address_line_1": "sad", "address_line_2": "sadsad", "country": "dsad", "state": "asdas", "city": "sad", "order_note": "sadsa", "order_total": 405.96, "tax": 7.96, "status": "New", "ip": "127.0.0.1", "is_ordered": false, "created_at": "2022-05-16T13:12:01.891Z", "updated_at": "2022-05-16T13:12:01.902Z"}}, {"model": "orders.order", "pk": 66, "fields": {"user": 12, "payment": null, "order_number": "2022051666", "first_name": "Damian", "last_name": "Rutkowski", "phone": "asdsa", "email": "rutdar43@gmail.com", "address_line_1": "sad", "address_line_2": "sadsad", "country": "dsad", "state": "asdas", "city": "sad", "order_note": "sadsa", "order_total": 405.96, "tax": 7.96, "status": "New", "ip": "127.0.0.1", "is_ordered": false, "created_at": "2022-05-16T13:12:04.249Z", "updated_at": "2022-05-16T13:12:04.261Z"}}, {"model": "orders.order", "pk": 67, "fields": {"user": 1, "payment": null, "order_number": "2022051667", "first_name": "Damian", "last_name": "Rutkowski", "phone": "dasdsaads", "email": "rutdar43@gmail.com", "address_line_1": "asdassa", "address_line_2": "asddas", "country": "dasasd", "state": "das", "city": "dasads", "order_note": "asdasd", "order_total": 405.96, "tax": 7.96, "status": "New", "ip": "127.0.0.1", "is_ordered": false, "created_at": "2022-05-16T13:19:34.968Z", "updated_at": "2022-05-16T13:19:34.982Z"}}, {"model": "orders.order", "pk": 68, "fields": {"user": 12, "payment": null, "order_number": "2022051668", "first_name": "Damian", "last_name": "Rutkowski", "phone": "asdsa", "email": "rutdar43@gmail.com", "address_line_1": "sad", "address_line_2": "sadsad", "country": "dsad", "state": "asdas", "city": "sad", "order_note": "sadsa", "order_total": 405.96, "tax": 7.96, "status": "New", "ip": "127.0.0.1", "is_ordered": false, "created_at": "2022-05-16T13:19:39.311Z", "updated_at": "2022-05-16T13:19:39.320Z"}}, {"model": "orders.order", "pk": 69, "fields": {"user": 1, "payment": 12, "order_number": "2022051669", "first_name": "Damian", "last_name": "Rutkowski", "phone": "dasdsaads", "email": "rutdar43@gmail.com", "address_line_1": "asdassa", "address_line_2": "asddas", "country": "dasasd", "state": "das", "city": "dasads", "order_note": "asdasd", "order_total": 405.96, "tax": 7.96, "status": "New", "ip": "127.0.0.1", "is_ordered": true, "created_at": "2022-05-16T13:27:46.769Z", "updated_at": "2022-05-16T13:28:02.914Z"}}, {"model": "orders.order", "pk": 70, "fields": {"user": 1, "payment": 13, "order_number": "2022051670", "first_name": "Damian", "last_name": "Rutkowski", "phone": "ssa", "email": "aada@o2.pl", "address_line_1": "dsadas", "address_line_2": "dasd", "country": "asdsa", "state": "dasd", "city": "sadas", "order_note": "asdsad", "order_total": 405.96, "tax": 7.96, "status": "New", "ip": "127.0.0.1", "is_ordered": true, "created_at": "2022-05-16T13:38:53.527Z", "updated_at": "2022-05-16T13:39:06.275Z"}}, {"model": "orders.order", "pk": 71, "fields": {"user": 1, "payment": null, "order_number": "2022051671", "first_name": "Damian", "last_name": "Rutkowski", "phone": "ssa", "email": "aada@o2.pl", "address_line_1": "dsadas", "address_line_2": "dasd", "country": "asdsa", "state": "dasd", "city": "sadas", "order_note": "asdsad", "order_total": 405.96, "tax": 7.96, "status": "New", "ip": "127.0.0.1", "is_ordered": false, "created_at": "2022-05-16T13:39:10.096Z", "updated_at": "2022-05-16T13:39:10.108Z"}}, {"model": "orders.order", "pk": 72, "fields": {"user": 1, "payment": 14, "order_number": "2022051672", "first_name": "Damian", "last_name": "Rutkowski", "phone": "ssa", "email": "aada@o2.pl", "address_line_1": "dsadas", "address_line_2": "dasd", "country": "asdsa", "state": "dasd", "city": "sadas", "order_note": "asdsad", "order_total": 405.96, "tax": 7.96, "status": "New", "ip": "127.0.0.1", "is_ordered": true, "created_at": "2022-05-16T13:40:52.475Z", "updated_at": "2022-05-16T13:41:04.072Z"}}, {"model": "orders.order", "pk": 73, "fields": {"user": 12, "payment": 15, "order_number": "2022051673", "first_name": "Damian", "last_name": "Rutkowski", "phone": "21313", "email": "asdasdas@o2.pl", "address_line_1": "asd", "address_line_2": "sa", "country": "dsa", "state": "das", "city": "asdas", "order_note": "dsadsadsa", "order_total": 405.96, "tax": 7.96, "status": "New", "ip": "127.0.0.1", "is_ordered": true, "created_at": "2022-05-16T13:41:45.167Z", "updated_at": "2022-05-16T13:41:55.521Z"}}, {"model": "orders.order", "pk": 74, "fields": {"user": 12, "payment": 16, "order_number": "2022051674", "first_name": "Damian", "last_name": "Rutkowski", "phone": "21313", "email": "asdasdas@o2.pl", "address_line_1": "asd", "address_line_2": "sa", "country": "dsa", "state": "das", "city": "asdas", "order_note": "dsadsadsa", "order_total": 405.96, "tax": 7.96, "status": "New", "ip": "127.0.0.1", "is_ordered": true, "created_at": "2022-05-16T13:42:52.186Z", "updated_at": "2022-05-16T13:43:14.296Z"}}, {"model": "orders.order", "pk": 75, "fields": {"user": 12, "payment": 17, "order_number": "2022052075", "first_name": "asd", "last_name": "saddsa", "phone": "dsa", "email": "a@o2.pl", "address_line_1": "sad", "address_line_2": "sa", "country": "dsadsa", "state": "dsa", "city": "das", "order_note": "sda", "order_total": 202.98, "tax": 3.98, "status": "New", "ip": "127.0.0.1", "is_ordered": true, "created_at": "2022-05-20T13:59:05.137Z", "updated_at": "2022-05-20T13:59:26.093Z"}}, {"model": "orders.orderproduct", "pk": 1, "fields": {"order": 48, "payment": 4, "user": 1, "product": 1, "quantity": "1", "product_price": 199.0, "ordered": true, "created_at": "2022-05-16T11:31:47.704Z", "updated_at": "2022-05-16T11:31:47.704Z", "variations": []}}, {"model": "orders.orderproduct", "pk": 2, "fields": {"order": 48, "payment": 4, "user": 1, "product": 1, "quantity": "1", "product_price": 199.0, "ordered": true, "created_at": "2022-05-16T11:31:47.717Z", "updated_at": "2022-05-16T11:31:47.717Z", "variations": []}}, {"model": "orders.orderproduct", "pk": 3, "fields": {"order": 49, "payment": 5, "user": 1, "product": 1, "quantity": "1", "product_price": 199.0, "ordered": true, "created_at": "2022-05-16T11:49:59.112Z", "updated_at": "2022-05-16T11:49:59.112Z", "variations": []}}, {"model": "orders.orderproduct", "pk": 4, "fields": {"order": 50, "payment": 6, "user": 1, "product": 1, "quantity": "1", "product_price": 199.0, "ordered": true, "created_at": "2022-05-16T12:05:31.597Z", "updated_at": "2022-05-16T12:05:31.597Z", "variations": []}}, {"model": "orders.orderproduct", "pk": 5, "fields": {"order": 52, "payment": 7, "user": 1, "product": 1, "quantity": "1", "product_price": 199.0, "ordered": true, "created_at": "2022-05-16T12:20:45.426Z", "updated_at": "2022-05-16T12:20:45.426Z", "variations": []}}, {"model": "orders.orderproduct", "pk": 6, "fields": {"order": 53, "payment": 8, "user": 1, "product": 1, "quantity": "1", "product_price": 199.0, "ordered": true, "created_at": "2022-05-16T12:30:38.849Z", "updated_at": "2022-05-16T12:30:38.849Z", "variations": []}}, {"model": "orders.orderproduct", "pk": 7, "fields": {"order": 57, "payment": 9, "user": 1, "product": 1, "quantity": "1", "product_price": 199.0, "ordered": true, "created_at": "2022-05-16T12:46:40.451Z", "updated_at": "2022-05-16T12:46:40.451Z", "variations": []}}, {"model": "orders.orderproduct", "pk": 8, "fields": {"order": 58, "payment": 10, "user": 12, "product": 1, "quantity": "1", "product_price": 199.0, "ordered": true, "created_at": "2022-05-16T12:50:03.063Z", "updated_at": "2022-05-16T12:50:03.063Z", "variations": []}}, {"model": "orders.orderproduct", "pk": 9, "fields": {"order": 60, "payment": 11, "user": 12, "product": 1, "quantity": "1", "product_price": 199.0, "ordered": true, "created_at": "2022-05-16T13:07:16.289Z", "updated_at": "2022-05-16T13:07:16.289Z", "variations": []}}, {"model": "orders.orderproduct", "pk": 10, "fields": {"order": 69, "payment": 12, "user": 1, "product": 1, "quantity": "1", "product_price": 199.0, "ordered": true, "created_at": "2022-05-16T13:28:02.926Z", "updated_at": "2022-05-16T13:28:02.926Z", "variations": []}}, {"model": "orders.orderproduct", "pk": 11, "fields": {"order": 70, "payment": 13, "user": 1, "product": 1, "quantity": "1", "product_price": 199.0, "ordered": true, "created_at": "2022-05-16T13:39:06.287Z", "updated_at": "2022-05-16T13:39:06.287Z", "variations": []}}, {"model": "orders.orderproduct", "pk": 12, "fields": {"order": 72, "payment": 14, "user": 1, "product": 1, "quantity": "1", "product_price": 199.0, "ordered": true, "created_at": "2022-05-16T13:41:04.085Z", "updated_at": "2022-05-16T13:41:04.085Z", "variations": []}}, {"model": "orders.orderproduct", "pk": 13, "fields": {"order": 73, "payment": 15, "user": 12, "product": 1, "quantity": "1", "product_price": 199.0, "ordered": true, "created_at": "2022-05-16T13:41:55.532Z", "updated_at": "2022-05-16T13:41:55.532Z", "variations": []}}, {"model": "orders.orderproduct", "pk": 14, "fields": {"order": 74, "payment": 16, "user": 12, "product": 1, "quantity": "1", "product_price": 199.0, "ordered": true, "created_at": "2022-05-16T13:43:14.310Z", "updated_at": "2022-05-16T13:43:14.329Z", "variations": [2, 4]}}, {"model": "orders.orderproduct", "pk": 15, "fields": {"order": 74, "payment": 16, "user": 12, "product": 1, "quantity": "1", "product_price": 199.0, "ordered": true, "created_at": "2022-05-16T13:43:14.352Z", "updated_at": "2022-05-16T13:43:14.371Z", "variations": [2, 5]}}, {"model": "orders.orderproduct", "pk": 16, "fields": {"order": 75, "payment": 17, "user": 12, "product": 1, "quantity": "1", "product_price": 199.0, "ordered": true, "created_at": "2022-05-20T13:59:26.103Z", "updated_at": "2022-05-20T13:59:26.127Z", "variations": [2, 4]}}]